{"stats":{"minecraft:killed_by":{"minecraft:skeleton":1},"minecraft:used":{"minecraft:water_bucket":2,"minecraft:birch_planks":3,"minecraft:stone_pickaxe":111,"minecraft:wooden_pickaxe":6,"minecraft:cooked_salmon":1,"minecraft:torch":17,"minecraft:crafting_table":5,"minecraft:sunflower":2,"minecraft:iron_axe":1,"minecraft:bread":17,"minecraft:iron_pickaxe":140,"minecraft:stone_axe":67,"minecraft:bow":2,"minecraft:furnace":2,"minecraft:bucket":3,"alexsmobs:animal_dictionary":1},"minecraft:picked_up":{"minecraft:birch_log":9,"minecraft:iron_chestplate":1,"minecraft:coarse_dirt":1,"minecraft:crafting_table":4,"minecraft:salmon":2,"minecraft:leather":5,"minecraft:dirt":17,"minecraft:string":4,"minecraft:iron_leggings":2,"minecraft:bone":6,"minecraft:bow":1,"minecraft:iron_ingot":24,"minecraft:beef":9,"minecraft:sugar_cane":5,"minecraft:iron_boots":1,"minecraft:furnace":2,"minecraft:stick":2,"minecraft:raw_iron":22,"minecraft:cooked_porkchop":8,"minecraft:torch":17,"minecraft:acacia_log":8,"minecraft:porkchop":16,"minecraft:spider_eye":2,"minecraft:arrow":8,"minecraft:rotten_flesh":4,"minecraft:iron_helmet":2,"minecraft:iron_block":1,"minecraft:bone_meal":1,"minecraft:emerald":3,"minecraft:bread":31,"minecraft:mutton":3,"minecraft:coal":56,"minecraft:white_wool":2,"minecraft:cobblestone":164,"minecraft:sunflower":3},"minecraft:crafted":{"minecraft:crafting_table":2,"minecraft:wooden_pickaxe":1,"minecraft:furnace":1,"minecraft:cooked_salmon":1,"minecraft:bucket":1,"minecraft:birch_planks":36,"minecraft:stone_axe":1,"minecraft:air":0,"minecraft:iron_axe":1,"minecraft:iron_ingot":13,"minecraft:iron_pickaxe":1,"minecraft:stone_pickaxe":1,"minecraft:acacia_planks":32,"minecraft:torch":4},"minecraft:killed":{"minecraft:cave_spider":1,"minecraft:pig":8,"minecraft:salmon":2,"minecraft:spider":3,"minecraft:sheep":2,"minecraft:skeleton":9,"minecraft:zombie":4,"minecraft:cow":4},"minecraft:custom":{"minecraft:interact_with_furnace":10,"minecraft:mob_kills":33,"minecraft:interact_with_crafting_table":8,"minecraft:leave_game":1,"minecraft:time_since_death":36663,"minecraft:climb_one_cm":303,"minecraft:time_since_rest":36695,"minecraft:sprint_one_cm":101755,"minecraft:damage_taken":1018,"minecraft:walk_one_cm":197835,"minecraft:drop":8,"minecraft:damage_dealt":4599,"minecraft:swim_one_cm":19024,"minecraft:fly_one_cm":106052,"minecraft:crouch_one_cm":1888,"minecraft:play_time":45457,"minecraft:deaths":1,"minecraft:sneak_time":900,"minecraft:walk_under_water_one_cm":7151,"minecraft:jump":861,"minecraft:walk_on_water_one_cm":10668,"minecraft:total_world_time":45457,"minecraft:fall_one_cm":14131},"minecraft:dropped":{"minecraft:stone_axe":1,"minecraft:coarse_dirt":1,"minecraft:rotten_flesh":4,"minecraft:spider_eye":2,"minecraft:sunflower":1,"minecraft:arrow":1,"minecraft:bow":1,"minecraft:wooden_pickaxe":1},"minecraft:broken":{"minecraft:stone_pickaxe":1},"minecraft:mined":{"minecraft:crafting_table":3,"minecraft:torch":16,"minecraft:emerald_ore":3,"minecraft:grass_block":6,"minecraft:tall_grass":1,"minecraft:sugar_cane":4,"minecraft:wall_torch":1,"minecraft:coarse_dirt":1,"minecraft:furnace":2,"minecraft:iron_ore":22,"minecraft:grass":1,"minecraft:coal_ore":23,"minecraft:sunflower":3,"minecraft:dirt":11,"minecraft:stone":167,"minecraft:oak_leaves":2}},"DataVersion":3465}