{"stats":{"minecraft:used":{"minecraft:wooden_axe":14,"minecraft:stone_pickaxe":216,"minecraft:shield":1,"minecraft:wooden_pickaxe":33,"minecraft:iron_sword":8,"minecraft:stone_axe":39,"minecraft:torch":40,"minecraft:cobblestone":29,"minecraft:crafting_table":5,"minecraft:furnace":2,"alexsmobs:animal_dictionary":5,"minecraft:cooked_beef":3,"minecraft:granite":6},"minecraft:picked_up":{"minecraft:birch_log":21,"minecraft:raw_iron":10,"minecraft:stick":4,"minecraft:crafting_table":3,"minecraft:pumpkin":12,"minecraft:leather":2,"minecraft:torch":2,"minecraft:birch_planks":26,"minecraft:string":1,"minecraft:spider_eye":1,"minecraft:dirt":9,"minecraft:arrow":2,"minecraft:bone":1,"minecraft:rotten_flesh":9,"graveyard:corruption":1,"minecraft:beef":3,"minecraft:granite":6,"dynamictrees:birch_seed":5,"minecraft:coal":100,"minecraft:cobblestone":128,"minecraft:furnace":1},"minecraft:killed":{"minecraft:skeleton":1,"minecraft:zombie":3,"graveyard:ghoul":2,"minecraft:spider":2,"minecraft:cow":1},"minecraft:crafted":{"minecraft:cooked_beef":3,"minecraft:shield":1,"minecraft:crafting_table":2,"minecraft:iron_pickaxe":1,"minecraft:stick":20,"minecraft:iron_ingot":10,"minecraft:wooden_pickaxe":1,"minecraft:stone_pickaxe":2,"minecraft:wooden_axe":1,"minecraft:iron_sword":1,"minecraft:furnace":1,"minecraft:torch":40,"minecraft:birch_planks":42,"minecraft:stone_axe":1},"minecraft:custom":{"minecraft:time_since_rest":29416,"minecraft:sprint_one_cm":46729,"minecraft:interact_with_furnace":8,"minecraft:damage_taken":285,"minecraft:walk_one_cm":98049,"minecraft:damage_blocked_by_shield":80,"minecraft:mob_kills":10,"minecraft:drop":2,"minecraft:damage_dealt":1705,"minecraft:swim_one_cm":3509,"minecraft:interact_with_crafting_table":11,"minecraft:fly_one_cm":12494,"minecraft:open_chest":2,"minecraft:crouch_one_cm":88,"minecraft:play_time":29416,"minecraft:sneak_time":65,"minecraft:walk_under_water_one_cm":2038,"minecraft:jump":335,"minecraft:leave_game":1,"minecraft:walk_on_water_one_cm":4340,"minecraft:time_since_death":29416,"minecraft:total_world_time":29416,"minecraft:fall_one_cm":2729},"minecraft:broken":{"minecraft:stone_pickaxe":1},"minecraft:dropped":{"minecraft:wooden_axe":1,"minecraft:wooden_pickaxe":1},"minecraft:mined":{"biomeswevegone:yellow_birch_leaves":1,"minecraft:furnace":1,"minecraft:iron_ore":10,"minecraft:birch_log":11,"minecraft:pumpkin":12,"minecraft:crafting_table":3,"minecraft:granite":6,"minecraft:grass":3,"minecraft:grass_block":5,"minecraft:coal_ore":100,"minecraft:dirt":4,"minecraft:cobblestone":3,"minecraft:tall_grass":1,"minecraft:stone":124,"minecraft:wall_torch":2}},"DataVersion":3465}